[
    {
        "id": 1,
        "zone_name": "Mechi",
        "latitude": 26.876001,
        "longitude": 87.93348,
        "districts": [
            {
                "id": 1,
                "district_name": "Ilam",
                "district_headquarter": "Ilam",
                "zone_id": 1,
                "latitude": 26.9,
                "longitude": 87.9333333
            },
            {
                "id": 2,
                "district_name": "Jhapa",
                "district_headquarter": "Chandragadhi",
                "zone_id": 1,
                "latitude": 26.63982,
                "longitude": 87.8942451
            },
            {
                "id": 3,
                "district_name": "Panchthar",
                "district_headquarter": "Phidim",
                "zone_id": 1,
                "latitude": 27.2036401,
                "longitude": 87.8156715
            },
            {
                "id": 4,
                "district_name": "Taplejung",
                "district_headquarter": "Taplejung",
                "zone_id": 1,
                "latitude": 27.35,
                "longitude": 87.6666667
            }
        ]
    },
    {
        "id": 2,
        "zone_name": "Rapti",
        "latitude": 28.274347,
        "longitude": 82.388578,
        "districts": [
            {
                "id": 5,
                "district_name": "Dang Deukhuri",
                "district_headquarter": "Ghorahi",
                "zone_id": 2,
                "latitude": 28,
                "longitude": 82.2666667
            },
            {
                "id": 6,
                "district_name": "Pyuthan",
                "district_headquarter": "Pyuthan Khalanga",
                "zone_id": 2,
                "latitude": 28.1,
                "longitude": 82.8666667
            },
            {
                "id": 7,
                "district_name": "Rolpa",
                "district_headquarter": "Liwang",
                "zone_id": 2,
                "latitude": 28.3815621,
                "longitude": 82.6483442
            },
            {
                "id": 8,
                "district_name": "Rukum",
                "district_headquarter": "Musikot",
                "zone_id": 2,
                "latitude": 28.7434423,
                "longitude": 82.4752757
            },
            {
                "id": 9,
                "district_name": "Salyan",
                "district_headquarter": "Salyan Khalanga",
                "zone_id": 2,
                "latitude": 28.28,
                "longitude": 83.79
            }
        ]
    },
    {
        "id": 3,
        "zone_name": "Bagmati",
        "latitude": 27.46247,
        "longitude": 85.362486,
        "districts": [
            {
                "id": 10,
                "district_name": "Bhaktapur",
                "district_headquarter": "Bhaktapur",
                "zone_id": 3,
                "latitude": 27.673031,
                "longitude": 85.427856
            },
            {
                "id": 11,
                "district_name": "Dhading",
                "district_headquarter": "Dhading Besi",
                "zone_id": 3,
                "latitude": 27.8666667,
                "longitude": 84.9166667
            },
            {
                "id": 12,
                "district_name": "Kathmandu",
                "district_headquarter": "Kathmandu",
                "zone_id": 3,
                "latitude": 27.702871,
                "longitude": 85.318244
            },
            {
                "id": 13,
                "district_name": "Kavrepalanchok",
                "district_headquarter": "Dhulikhel",
                "zone_id": 3,
                "latitude": 27.525942,
                "longitude": 85.56121
            },
            {
                "id": 14,
                "district_name": "Lalitpur",
                "district_headquarter": "Patan",
                "zone_id": 3,
                "latitude": 27.5419673,
                "longitude": 85.3342973
            },
            {
                "id": 15,
                "district_name": "Nuwakot",
                "district_headquarter": "Bidur",
                "zone_id": 3,
                "latitude": 27.97,
                "longitude": 83.06
            },
            {
                "id": 16,
                "district_name": "Rasuwa",
                "district_headquarter": "Dhunche",
                "zone_id": 3,
                "latitude": 27.083333,
                "longitude": 86.433333
            },
            {
                "id": 17,
                "district_name": "Sindhupalchok",
                "district_headquarter": "Chautara",
                "zone_id": 3,
                "latitude": 27.9512034,
                "longitude": 85.684578
            }
        ]
    },
    {
        "id": 4,
        "zone_name": "Karnali",
        "latitude": 29.386256,
        "longitude": 82.388578,
        "districts": [
            {
                "id": 18,
                "district_name": "Dolpa",
                "district_headquarter": "Dolpa",
                "zone_id": 4,
                "latitude": 28.998686,
                "longitude": 82.816437
            },
            {
                "id": 19,
                "district_name": "Humla",
                "district_headquarter": "Simikot",
                "zone_id": 4,
                "latitude": 29.9666667,
                "longitude": 81.8333333
            },
            {
                "id": 20,
                "district_name": "Jumla",
                "district_headquarter": "Jumla Khalanga",
                "zone_id": 4,
                "latitude": 29.2752778,
                "longitude": 82.1833333
            },
            {
                "id": 21,
                "district_name": "Kalikot",
                "district_headquarter": "Kalikot",
                "zone_id": 4,
                "latitude": 29.15,
                "longitude": 81.6166667
            },
            {
                "id": 22,
                "district_name": "Mugu",
                "district_headquarter": "Gamgadhi",
                "zone_id": 4,
                "latitude": 29.8666667,
                "longitude": 82.6166667
            }
        ]
    },
    {
        "id": 5,
        "zone_name": "Sagarmatha",
        "latitude": 27.97826,
        "longitude": 86.661108,
        "districts": [
            {
                "id": 23,
                "district_name": "Khotang",
                "district_headquarter": "Diktel",
                "zone_id": 5,
                "latitude": 27.2317177,
                "longitude": 86.8220341
            },
            {
                "id": 24,
                "district_name": "Okhaldhunga",
                "district_headquarter": "Okhaldhunga",
                "zone_id": 5,
                "latitude": 27.3166667,
                "longitude": 86.5
            },
            {
                "id": 25,
                "district_name": "Saptari",
                "district_headquarter": "Rajbiraj",
                "zone_id": 5,
                "latitude": 26.6172621,
                "longitude": 86.7013894
            },
            {
                "id": 26,
                "district_name": "Siraha",
                "district_headquarter": "Siraha",
                "zone_id": 5,
                "latitude": 26.656031,
                "longitude": 86.208847
            },
            {
                "id": 27,
                "district_name": "Solukhumbu",
                "district_headquarter": "Salleri",
                "zone_id": 5,
                "latitude": 27.7909733,
                "longitude": 86.6611083
            },
            {
                "id": 28,
                "district_name": "Udayapur",
                "district_headquarter": "Gaighat",
                "zone_id": 5,
                "latitude": 27.57,
                "longitude": 82.9
            }
        ]
    },
    {
        "id": 6,
        "zone_name": "Koshi",
        "latitude": 27.053652,
        "longitude": 87.301613,
        "districts": [
            {
                "id": 29,
                "district_name": "Bhojpur",
                "district_headquarter": "Bhojpur",
                "zone_id": 6,
                "latitude": 27.1666667,
                "longitude": 87.05
            },
            {
                "id": 30,
                "district_name": "Dhankuta",
                "district_headquarter": "Dhankuta",
                "zone_id": 6,
                "latitude": 26.9833333,
                "longitude": 87.3333333
            },
            {
                "id": 31,
                "district_name": "Morang",
                "district_headquarter": "Biratnagar",
                "zone_id": 6,
                "latitude": 26.6799002,
                "longitude": 87.460397
            },
            {
                "id": 32,
                "district_name": "Sankhuwasabha",
                "district_headquarter": "Khandbari",
                "zone_id": 6,
                "latitude": 27.6141916,
                "longitude": 87.1422895
            },
            {
                "id": 33,
                "district_name": "Sunsari",
                "district_headquarter": "Inaruwa",
                "zone_id": 6,
                "latitude": 26.6275522,
                "longitude": 87.1821709
            },
            {
                "id": 34,
                "district_name": "Terhathum",
                "district_headquarter": "Manglung",
                "zone_id": 6,
                "latitude": 27.198391,
                "longitude": 87.5000082
            }
        ]
    },
    {
        "id": 7,
        "zone_name": "Narayani",
        "latitude": 27.361177,
        "longitude": 84.856793,
        "districts": [
            {
                "id": 35,
                "district_name": "Bara",
                "district_headquarter": "Kalaiya",
                "zone_id": 7,
                "latitude": 27.0333333,
                "longitude": 85
            },
            {
                "id": 36,
                "district_name": "Chitwan",
                "district_headquarter": "Bharatpur",
                "zone_id": 7,
                "latitude": 27.529131,
                "longitude": 84.3542049
            },
            {
                "id": 37,
                "district_name": "Makwanpur",
                "district_headquarter": "Hetauda",
                "zone_id": 7,
                "latitude": 27.3730012,
                "longitude": 85.1894045
            },
            {
                "id": 38,
                "district_name": "Parsa",
                "district_headquarter": "Birgunj",
                "zone_id": 7,
                "latitude": 26.8833333,
                "longitude": 85.6333333
            },
            {
                "id": 39,
                "district_name": "Rautahat",
                "district_headquarter": "Gaur",
                "zone_id": 7,
                "latitude": 26.57,
                "longitude": 86.53
            }
        ]
    },
    {
        "id": 8,
        "zone_name": "Mahakali",
        "latitude": 29.360108,
        "longitude": 80.543845,
        "districts": [
            {
                "id": 40,
                "district_name": "Baitadi",
                "district_headquarter": "Baitadi",
                "zone_id": 8,
                "latitude": 29.5185787,
                "longitude": 80.4688061
            },
            {
                "id": 41,
                "district_name": "Dadeldhura",
                "district_headquarter": "Dadeldhura",
                "zone_id": 8,
                "latitude": 29.2992006,
                "longitude": 80.5875862
            },
            {
                "id": 42,
                "district_name": "Darchula",
                "district_headquarter": "Darchula",
                "zone_id": 8,
                "latitude": 29.83,
                "longitude": 80.55
            },
            {
                "id": 43,
                "district_name": "Kanchanpur",
                "district_headquarter": "Mahendara Nagar",
                "zone_id": 8,
                "latitude": 28.2,
                "longitude": 82.166667
            }
        ]
    },
    {
        "id": 9,
        "zone_name": "Gandaki",
        "latitude": 28.416972,
        "longitude": 83.929967,
        "districts": [
            {
                "id": 44,
                "district_name": "Gorkha",
                "district_headquarter": "Gorkha",
                "zone_id": 9,
                "latitude": 28,
                "longitude": 84.6333333
            },
            {
                "id": 45,
                "district_name": "Kaski",
                "district_headquarter": "Pokhara",
                "zone_id": 9,
                "latitude": 28.28236,
                "longitude": 83.866028
            },
            {
                "id": 46,
                "district_name": "Lamjung",
                "district_headquarter": "Bensi Sahar",
                "zone_id": 9,
                "latitude": 28.2765491,
                "longitude": 84.3542049
            },
            {
                "id": 47,
                "district_name": "Manang",
                "district_headquarter": "Chame",
                "zone_id": 9,
                "latitude": 28.6666667,
                "longitude": 84.0166667
            },
            {
                "id": 48,
                "district_name": "Syangja",
                "district_headquarter": "Syangja",
                "zone_id": 9,
                "latitude": 28.1046333,
                "longitude": 83.8791074
            },
            {
                "id": 49,
                "district_name": "Tanahu",
                "district_headquarter": "Damauli",
                "zone_id": 9,
                "latitude": 27.944705,
                "longitude": 84.2278796
            }
        ]
    },
    {
        "id": 10,
        "zone_name": "Janakpur",
        "latitude": 26.727147,
        "longitude": 85.940675,
        "districts": [
            {
                "id": 50,
                "district_name": "Dhanusa",
                "district_headquarter": "Janakpur",
                "zone_id": 10,
                "latitude": 26.8350474,
                "longitude": 86.0121573
            },
            {
                "id": 51,
                "district_name": "Dholkha",
                "district_headquarter": "Charikot",
                "zone_id": 10,
                "latitude": 27.7784288,
                "longitude": 86.1751759
            },
            {
                "id": 52,
                "district_name": "Mahottari",
                "district_headquarter": "Jaleswor",
                "zone_id": 10,
                "latitude": 26.8761922,
                "longitude": 85.80766
            },
            {
                "id": 53,
                "district_name": "Ramechhap",
                "district_headquarter": "Manthali",
                "zone_id": 10,
                "latitude": 27.3333333,
                "longitude": 86.0833333
            },
            {
                "id": 54,
                "district_name": "Sarlahi",
                "district_headquarter": "Malangwa",
                "zone_id": 10,
                "latitude": 27.0084093,
                "longitude": 85.520024
            },
            {
                "id": 55,
                "district_name": "Sindhuli",
                "district_headquarter": "Sindhuli Madhi",
                "zone_id": 10,
                "latitude": 27.2568824,
                "longitude": 85.971322
            }
        ]
    },
    {
        "id": 11,
        "zone_name": "Lumbini",
        "latitude": 27.679199,
        "longitude": 83.50702,
        "districts": [
            {
                "id": 56,
                "district_name": "Arghakhanchi",
                "district_headquarter": "Sandhikharka",
                "zone_id": 11,
                "latitude": 28.0008333,
                "longitude": 83.2466667
            },
            {
                "id": 57,
                "district_name": "Gulmi",
                "district_headquarter": "Tamghas",
                "zone_id": 11,
                "latitude": 28.088934,
                "longitude": 83.2934086
            },
            {
                "id": 58,
                "district_name": "Kapilvastu",
                "district_headquarter": "Taulihawa",
                "zone_id": 11,
                "latitude": 27.5434407,
                "longitude": 83.0549312
            },
            {
                "id": 59,
                "district_name": "Nawalparasi",
                "district_headquarter": "Parasi",
                "zone_id": 11,
                "latitude": 27.6498409,
                "longitude": 83.8897057
            },
            {
                "id": 60,
                "district_name": "Palpa",
                "district_headquarter": "Tansen",
                "zone_id": 11,
                "latitude": 27.8666667,
                "longitude": 83.55
            },
            {
                "id": 61,
                "district_name": "Rupandehi",
                "district_headquarter": "Bhairahawa",
                "zone_id": 11,
                "latitude": 27.6264239,
                "longitude": 83.3789389
            }
        ]
    },
    {
        "id": 12,
        "zone_name": "Seti",
        "latitude": 29.690543,
        "longitude": 81.339941,
        "districts": [
            {
                "id": 62,
                "district_name": "Achham",
                "district_headquarter": "Mangalsen",
                "zone_id": 12,
                "latitude": 29.05,
                "longitude": 81.3
            },
            {
                "id": 63,
                "district_name": "Bajhang",
                "district_headquarter": "Chainpur",
                "zone_id": 12,
                "latitude": 29.55,
                "longitude": 81.2
            },
            {
                "id": 64,
                "district_name": "Bajura",
                "district_headquarter": "Martadi",
                "zone_id": 12,
                "latitude": 29.4469444,
                "longitude": 81.4866667
            },
            {
                "id": 65,
                "district_name": "Doti",
                "district_headquarter": "Dipayal",
                "zone_id": 12,
                "latitude": 29.266667,
                "longitude": 80.983333
            },
            {
                "id": 66,
                "district_name": "Kailali",
                "district_headquarter": "Dhangadhi",
                "zone_id": 12,
                "latitude": 28.6833333,
                "longitude": 80.6
            }
        ]
    },
    {
        "id": 13,
        "zone_name": "Bheri",
        "latitude": 28.517456,
        "longitude": 81.778702,
        "districts": [
            {
                "id": 67,
                "district_name": "Banke",
                "district_headquarter": "Nepalgunj",
                "zone_id": 13,
                "latitude": 28.05,
                "longitude": 81.6166667
            },
            {
                "id": 68,
                "district_name": "Bardiya",
                "district_headquarter": "Gulariya",
                "zone_id": 13,
                "latitude": 28.8166667,
                "longitude": 80.4833333
            },
            {
                "id": 69,
                "district_name": "Dailekh",
                "district_headquarter": "Dullu",
                "zone_id": 13,
                "latitude": 28.8375,
                "longitude": 81.7077778
            },
            {
                "id": 70,
                "district_name": "Jajarkot",
                "district_headquarter": "Khalanga",
                "zone_id": 13,
                "latitude": 28.73,
                "longitude": 82.22
            },
            {
                "id": 71,
                "district_name": "Surkhet",
                "district_headquarter": "Surkhet",
                "zone_id": 13,
                "latitude": 28.6,
                "longitude": 81.6333333
            }
        ]
    },
    {
        "id": 14,
        "zone_name": "Dhawalagiri",
        "latitude": 28.698465,
        "longitude": 83.48735,
        "districts": [
            {
                "id": 72,
                "district_name": "Baglung",
                "district_headquarter": "Baglung",
                "zone_id": 14,
                "latitude": 28.2666667,
                "longitude": 83.6
            },
            {
                "id": 73,
                "district_name": "Mustang",
                "district_headquarter": "Jomsom",
                "zone_id": 14,
                "latitude": 28.9985065,
                "longitude": 83.8473015
            },
            {
                "id": 74,
                "district_name": "Myagdi",
                "district_headquarter": "Beni",
                "zone_id": 14,
                "latitude": 28.611176,
                "longitude": 83.5070203
            },
            {
                "id": 75,
                "district_name": "Parbat",
                "district_headquarter": "Kusma",
                "zone_id": 14,
                "latitude": 28.178049,
                "longitude": 83.6986568
            }
        ]
    }
]